<?xml version="1.0"?>
<doc>
    <assembly>
        <name>FUI Studio - Ultimatecraft Edition</name>
    </assembly>
    <members>
        <member name="F:FUI_Studio.Forms.about.components">
            <summary>
            Required designer variable.
            </summary>
        </member>
        <member name="M:FUI_Studio.Forms.about.Dispose(System.Boolean)">
            <summary>
            Clean up any resources being used.
            </summary>
            <param name="disposing">true if managed resources should be disposed; otherwise, false.</param>
        </member>
        <member name="M:FUI_Studio.Forms.about.InitializeComponent">
            <summary>
            Required method for Designer support - do not modify
            the contents of this method with the code editor.
            </summary>
        </member>
        <member name="F:FUI_Studio.Forms.Debug.components">
            <summary>
            Required designer variable.
            </summary>
        </member>
        <member name="M:FUI_Studio.Forms.Debug.Dispose(System.Boolean)">
            <summary>
            Clean up any resources being used.
            </summary>
            <param name="disposing">true if managed resources should be disposed; otherwise, false.</param>
        </member>
        <member name="M:FUI_Studio.Forms.Debug.InitializeComponent">
            <summary>
            Required method for Designer support - do not modify
            the contents of this method with the code editor.
            </summary>
        </member>
        <member name="F:FUI_Studio.Forms.ElementModifier.components">
            <summary>
            Required designer variable.
            </summary>
        </member>
        <member name="M:FUI_Studio.Forms.ElementModifier.Dispose(System.Boolean)">
            <summary>
            Clean up any resources being used.
            </summary>
            <param name="disposing">true if managed resources should be disposed; otherwise, false.</param>
        </member>
        <member name="M:FUI_Studio.Forms.ElementModifier.InitializeComponent">
            <summary>
            Required method for Designer support - do not modify
            the contents of this method with the code editor.
            </summary>
        </member>
        <member name="F:FUI_Studio.Forms.FontViewerForm.components">
            <summary>
            Required designer variable.
            </summary>
        </member>
        <member name="M:FUI_Studio.Forms.FontViewerForm.Dispose(System.Boolean)">
            <summary>
            Clean up any resources being used.
            </summary>
            <param name="disposing">true if managed resources should be disposed; otherwise, false.</param>
        </member>
        <member name="M:FUI_Studio.Forms.FontViewerForm.InitializeComponent">
            <summary>
            Required method for Designer support - do not modify
            the contents of this method with the code editor.
            </summary>
        </member>
        <member name="F:FUI_Studio.Forms.Form1.components">
            <summary>
            Required designer variable.
            </summary>
        </member>
        <member name="M:FUI_Studio.Forms.Form1.Dispose(System.Boolean)">
            <summary>
            Clean up any resources being used.
            </summary>
            <param name="disposing">true if managed resources should be disposed; otherwise, false.</param>
        </member>
        <member name="M:FUI_Studio.Forms.Form1.InitializeComponent">
            <summary>
            Required method for Designer support - do not modify
            the contents of this method with the code editor.
            </summary>
        </member>
        <member name="F:FUI_Studio.Forms.ImageViewerForm.components">
            <summary>
            Required designer variable.
            </summary>
        </member>
        <member name="M:FUI_Studio.Forms.ImageViewerForm.Dispose(System.Boolean)">
            <summary>
            Clean up any resources being used.
            </summary>
            <param name="disposing">true if managed resources should be disposed; otherwise, false.</param>
        </member>
        <member name="M:FUI_Studio.Forms.ImageViewerForm.InitializeComponent">
            <summary>
            Required method for Designer support - do not modify
            the contents of this method with the code editor.
            </summary>
        </member>
        <member name="M:FUI_Studio.Program.Main(System.String[])">
            <summary>
            The main entry point for the application.
            </summary>
        </member>
        <member name="T:FUI_Studio.Properties.Resources">
            <summary>
              A strongly-typed resource class, for looking up localized strings, etc.
            </summary>
        </member>
        <member name="P:FUI_Studio.Properties.Resources.ResourceManager">
            <summary>
              Returns the cached ResourceManager instance used by this class.
            </summary>
        </member>
        <member name="P:FUI_Studio.Properties.Resources.Culture">
            <summary>
              Overrides the current thread's CurrentUICulture property for all
              resource lookups using this strongly typed resource class.
            </summary>
        </member>
        <member name="P:FUI_Studio.Properties.Resources.element">
            <summary>
              Looks up a localized resource of type System.Drawing.Bitmap.
            </summary>
        </member>
        <member name="P:FUI_Studio.Properties.Resources.FolderIcon">
            <summary>
              Looks up a localized resource of type System.Drawing.Bitmap.
            </summary>
        </member>
        <member name="P:FUI_Studio.Properties.Resources.font">
            <summary>
              Looks up a localized resource of type System.Drawing.Bitmap.
            </summary>
        </member>
        <member name="P:FUI_Studio.Properties.Resources.FuiIMGData_Enc">
            <summary>
              Looks up a localized resource of type System.Byte[].
            </summary>
        </member>
        <member name="P:FUI_Studio.Properties.Resources.ImgIcon">
            <summary>
              Looks up a localized resource of type System.Drawing.Bitmap.
            </summary>
        </member>
        <member name="P:FUI_Studio.Properties.Resources.metaa">
            <summary>
              Looks up a localized resource of type System.Drawing.Bitmap.
            </summary>
        </member>
        <member name="P:FUI_Studio.Properties.Resources.Mojangles">
            <summary>
              Looks up a localized resource of type System.Byte[].
            </summary>
        </member>
        <member name="P:FUI_Studio.Properties.Resources.Selected">
            <summary>
              Looks up a localized resource of type System.Drawing.Bitmap.
            </summary>
        </member>
    </members>
</doc>
